{
  "base_nolora": {
    "n_frames": 2977,
    "route_dev_mean": 0.06168426681393817,
    "route_dev_p50": 0.004536725461560582,
    "route_dev_p95": 0.3017968384455958,
    "route_dev_p99": 0.5864048149447987,
    "route_dev_max": 0.6363094681523019,
    "traj_L2_b_s_n": 2977,
    "traj_L2_b_s_mean": 0.3980442404038144,
    "traj_L2_b_s_p95": 2.4246412324231694,
    "traj_L2_b_s_p99": 3.966349288026386,
    "traj_L2_b_s_max": 7.56275862075745
  },
  "joint_replay": {
    "n_frames": 3021,
    "route_dev_mean": 0.05828532067069184,
    "route_dev_p50": 0.004561179048909593,
    "route_dev_p95": 0.24836506172309764,
    "route_dev_p99": 0.5792284102300338,
    "route_dev_max": 0.6313836485752812
  },
  "kashiwa_alone": {
    "n_frames": 3010,
    "route_dev_mean": 0.06257592989716629,
    "route_dev_p50": 0.0045272018298665884,
    "route_dev_p95": 0.26746108042132644,
    "route_dev_p99": 0.5912525302666685,
    "route_dev_max": 0.6487562483979002,
    "traj_L2_b_s_n": 3010,
    "traj_L2_b_s_mean": 0.43089471163653487,
    "traj_L2_b_s_p95": 2.605765590222275,
    "traj_L2_b_s_p99": 4.328297406768387,
    "traj_L2_b_s_max": 15.774639171372762
  },
  "shared_only": {
    "n_frames": 2851,
    "route_dev_mean": 0.06441716756332855,
    "route_dev_p50": 0.004448480710605511,
    "route_dev_p95": 0.3008006984694661,
    "route_dev_p99": 0.5959516351540654,
    "route_dev_max": 0.652705093496456
  }
}