{
  "baseline_rate": 0.4,
  "results": {
    "drop_p0.10": {
      "mean": 0.3333333333333333,
      "delta": -0.06666666666666671,
      "trials": [
        0.3,
        0.4,
        0.3
      ]
    },
    "drop_p0.20": {
      "mean": 0.3333333333333333,
      "delta": -0.06666666666666671,
      "trials": [
        0.3,
        0.4,
        0.3
      ]
    },
    "drop_p0.30": {
      "mean": 0.24444444444444444,
      "delta": -0.15555555555555559,
      "trials": [
        0.23333333333333334,
        0.4,
        0.1
      ]
    },
    "jitter_pos_s0.1m": {
      "mean": 1.0,
      "delta": 0.6,
      "trials": [
        1.0,
        1.0,
        1.0
      ]
    },
    "jitter_pos_s0.5m": {
      "mean": 1.0,
      "delta": 0.6,
      "trials": [
        1.0,
        1.0,
        1.0
      ]
    },
    "jitter_pos_s1.0m": {
      "mean": 1.0,
      "delta": 0.6,
      "trials": [
        1.0,
        1.0,
        1.0
      ]
    },
    "jitter_vel_s0.5mps": {
      "mean": 0.4000000000000001,
      "delta": 5.551115123125783e-17,
      "trials": [
        0.4,
        0.4,
        0.4
      ]
    },
    "jitter_vel_s1.0mps": {
      "mean": 0.4000000000000001,
      "delta": 5.551115123125783e-17,
      "trials": [
        0.4,
        0.4,
        0.4
      ]
    },
    "jitter_vel_s2.0mps": {
      "mean": 0.4000000000000001,
      "delta": 5.551115123125783e-17,
      "trials": [
        0.4,
        0.4,
        0.4
      ]
    },
    "fp_objects_n1": {
      "mean": 0.7999999999999999,
      "delta": 0.3999999999999999,
      "trials": [
        1.0,
        1.0,
        0.4
      ]
    },
    "fp_objects_n2": {
      "mean": 0.7999999999999999,
      "delta": 0.3999999999999999,
      "trials": [
        1.0,
        0.4,
        1.0
      ]
    },
    "fp_objects_n3": {
      "mean": 0.7999999999999999,
      "delta": 0.3999999999999999,
      "trials": [
        1.0,
        0.9,
        0.5
      ]
    },
    "freeze_n1": {
      "mean": 0.3333333333333333,
      "delta": -0.06666666666666671,
      "trials": [
        0.3333333333333333,
        0.3333333333333333,
        0.3333333333333333
      ]
    },
    "freeze_n3": {
      "mean": 0.4666666666666666,
      "delta": 0.0666666666666666,
      "trials": [
        0.4666666666666667,
        0.4666666666666667,
        0.4666666666666667
      ]
    },
    "freeze_n5": {
      "mean": 0.36666666666666664,
      "delta": -0.03333333333333338,
      "trials": [
        0.36666666666666664,
        0.36666666666666664,
        0.36666666666666664
      ]
    },
    "occlude_front_90": {
      "mean": 0.3333333333333333,
      "delta": -0.06666666666666671,
      "trials": [
        0.3333333333333333,
        0.3333333333333333,
        0.3333333333333333
      ]
    },
    "combined_low": {
      "mean": 1.0,
      "delta": 0.6,
      "trials": [
        1.0,
        1.0,
        1.0
      ]
    },
    "combined_high": {
      "mean": 1.0,
      "delta": 0.6,
      "trials": [
        1.0,
        1.0,
        1.0
      ]
    }
  },
  "mock_model": true
}