{
  "tau": 2.8293060064315796,
  "sigma": 0.8487918019294739,
  "metric": "l2",
  "floor_alpha": 0.0,
  "n_bank": 200,
  "D": 256
}