{
  "base": {
    "_baseline": {
      "mean_violation_rate": 0.13333333333333333
    },
    "drop_p0.10": {
      "mean_violation_rate": 0.13333333333333333,
      "delta": 0.0
    },
    "drop_p0.20": {
      "mean_violation_rate": 0.13333333333333333,
      "delta": 0.0
    },
    "drop_p0.30": {
      "mean_violation_rate": 0.13333333333333333,
      "delta": 0.0
    },
    "jitter_pos_s0.1m": {
      "mean_violation_rate": 0.35,
      "delta": 0.21666666666666665
    },
    "jitter_pos_s0.5m": {
      "mean_violation_rate": 0.31666666666666665,
      "delta": 0.18333333333333332
    },
    "jitter_pos_s1.0m": {
      "mean_violation_rate": 0.3833333333333333,
      "delta": 0.24999999999999997
    },
    "jitter_vel_s0.5mps": {
      "mean_violation_rate": 0.3833333333333333,
      "delta": 0.24999999999999997
    },
    "jitter_vel_s1.0mps": {
      "mean_violation_rate": 0.4166666666666667,
      "delta": 0.2833333333333333
    },
    "jitter_vel_s2.0mps": {
      "mean_violation_rate": 0.4166666666666667,
      "delta": 0.2833333333333333
    },
    "fp_objects_n1": {
      "mean_violation_rate": 0.13333333333333333,
      "delta": 0.0
    },
    "fp_objects_n2": {
      "mean_violation_rate": 0.16666666666666666,
      "delta": 0.033333333333333326
    },
    "fp_objects_n3": {
      "mean_violation_rate": 0.15,
      "delta": 0.016666666666666663
    },
    "freeze_n1": {
      "mean_violation_rate": 0.13333333333333333,
      "delta": 0.0
    },
    "freeze_n3": {
      "mean_violation_rate": 0.13333333333333333,
      "delta": 0.0
    },
    "freeze_n5": {
      "mean_violation_rate": 0.13333333333333333,
      "delta": 0.0
    },
    "occlude_front_90": {
      "mean_violation_rate": 0.13333333333333333,
      "delta": 0.0
    },
    "combined_low": {
      "mean_violation_rate": 0.35,
      "delta": 0.21666666666666665
    },
    "combined_high": {
      "mean_violation_rate": 0.43333333333333335,
      "delta": 0.30000000000000004
    }
  },
  "v5_pure": {
    "_baseline": {
      "mean_violation_rate": 0.9666666666666667
    },
    "drop_p0.10": {
      "mean_violation_rate": 0.9666666666666667,
      "delta": 0.0
    },
    "drop_p0.20": {
      "mean_violation_rate": 0.9666666666666667,
      "delta": 0.0
    },
    "drop_p0.30": {
      "mean_violation_rate": 0.9666666666666667,
      "delta": 0.0
    },
    "jitter_pos_s0.1m": {
      "mean_violation_rate": 1.0,
      "delta": 0.033333333333333326
    },
    "jitter_pos_s0.5m": {
      "mean_violation_rate": 1.0,
      "delta": 0.033333333333333326
    },
    "jitter_pos_s1.0m": {
      "mean_violation_rate": 1.0,
      "delta": 0.033333333333333326
    },
    "jitter_vel_s0.5mps": {
      "mean_violation_rate": 1.0,
      "delta": 0.033333333333333326
    },
    "jitter_vel_s1.0mps": {
      "mean_violation_rate": 1.0,
      "delta": 0.033333333333333326
    },
    "jitter_vel_s2.0mps": {
      "mean_violation_rate": 1.0,
      "delta": 0.033333333333333326
    },
    "fp_objects_n1": {
      "mean_violation_rate": 0.9666666666666667,
      "delta": 0.0
    },
    "fp_objects_n2": {
      "mean_violation_rate": 0.9666666666666667,
      "delta": 0.0
    },
    "fp_objects_n3": {
      "mean_violation_rate": 0.9666666666666667,
      "delta": 0.0
    },
    "freeze_n1": {
      "mean_violation_rate": 0.9666666666666667,
      "delta": 0.0
    },
    "freeze_n3": {
      "mean_violation_rate": 0.9666666666666667,
      "delta": 0.0
    },
    "freeze_n5": {
      "mean_violation_rate": 0.9666666666666667,
      "delta": 0.0
    },
    "occlude_front_90": {
      "mean_violation_rate": 0.9666666666666667,
      "delta": 0.0
    },
    "combined_low": {
      "mean_violation_rate": 1.0,
      "delta": 0.033333333333333326
    },
    "combined_high": {
      "mean_violation_rate": 1.0,
      "delta": 0.033333333333333326
    }
  },
  "real_dpo": {
    "_baseline": {
      "mean_violation_rate": 1.0
    },
    "drop_p0.10": {
      "mean_violation_rate": 1.0,
      "delta": 0.0
    },
    "drop_p0.20": {
      "mean_violation_rate": 1.0,
      "delta": 0.0
    },
    "drop_p0.30": {
      "mean_violation_rate": 1.0,
      "delta": 0.0
    },
    "jitter_pos_s0.1m": {
      "mean_violation_rate": 1.0,
      "delta": 0.0
    },
    "jitter_pos_s0.5m": {
      "mean_violation_rate": 1.0,
      "delta": 0.0
    },
    "jitter_pos_s1.0m": {
      "mean_violation_rate": 1.0,
      "delta": 0.0
    },
    "jitter_vel_s0.5mps": {
      "mean_violation_rate": 1.0,
      "delta": 0.0
    },
    "jitter_vel_s1.0mps": {
      "mean_violation_rate": 1.0,
      "delta": 0.0
    },
    "jitter_vel_s2.0mps": {
      "mean_violation_rate": 1.0,
      "delta": 0.0
    },
    "fp_objects_n1": {
      "mean_violation_rate": 1.0,
      "delta": 0.0
    },
    "fp_objects_n2": {
      "mean_violation_rate": 1.0,
      "delta": 0.0
    },
    "fp_objects_n3": {
      "mean_violation_rate": 1.0,
      "delta": 0.0
    },
    "freeze_n1": {
      "mean_violation_rate": 1.0,
      "delta": 0.0
    },
    "freeze_n3": {
      "mean_violation_rate": 1.0,
      "delta": 0.0
    },
    "freeze_n5": {
      "mean_violation_rate": 1.0,
      "delta": 0.0
    },
    "occlude_front_90": {
      "mean_violation_rate": 1.0,
      "delta": 0.0
    },
    "combined_low": {
      "mean_violation_rate": 1.0,
      "delta": 0.0
    },
    "combined_high": {
      "mean_violation_rate": 1.0,
      "delta": 0.0
    }
  }
}